Metal Atom,Atomic Mass of Metal,Support Material,Support Material Class,Metal Loading,Coord Env,Coord Num,Initial Conc of Catalyst,Normalised Conc of Catalyst,Pollutant,Pollutant Code,Pollutant Class,Molar Mass of Pollutant,Initial Conc of Pollutant,Normalised Conc of Pollutant,Initial Conc of Oxidant,Normalised Conc of Oxidant,Oxidant,Has non-rad,Has SO4,Has OH,Has O2,Has 1O2,Has h+,Rate Constant,Normalised Rate Constant,Degradation Efficiency,Experiment Time,Turnover Rate,Log(TOF),Pollutants degraded per min,Power of Light,Power of Light Class,Catalyst Reusablility,Reusablilty Cycles,Retention Per Cycle,Log_retention,AOP technique,DOI
Iron,55.845,Carbon Nitride,Carbon Nitride,2.03%,N,4,150,-0.246,Bisphenol A,BPA,Phenolic,228.29,20,0.06,308,0.493,PMS,1,0,0,0,1,0,0.12,0.169,99%,25,0.063626,-1.196,0.003469272,No Light,No Light,90%,3,0.94868,-0.02288,PMS,10.1016/j.cej.2023.145571
Iron,55.845,Carbon Nitride,Carbon Nitride,2.03%,N,4,150,-0.246,Sulfamethoxazole,SMX,Antibiotic,253.28,20,0.06,308,0.493,PMS,1,0,0,0,1,0,,NIL,100%,10,0.144819,-0.839,0.007896399,No Light,No Light,90%,4,0.96549,-0.01525,PMS,10.1016/j.cej.2023.145571
Iron,55.845,Carbon Nitride,Carbon Nitride,2.03%,N,4,150,-0.246,Naproxen,NPX,Pharmaceutical,230.26,20,0.06,308,0.493,PMS,1,0,0,0,1,0,,NIL,100%,10,0.159297,-0.798,0.008685833,No Light,No Light,90%,5,0.974,-0.01144,PMS,10.1016/j.cej.2023.145571
Iron,55.845,Carbon Nitride,Carbon Nitride,2.03%,N,4,150,-0.246,Phenol,PE,Phenolic,94.11,20,0.06,308,0.493,PMS,1,0,0,0,1,0,,NIL,100%,10,0.389755,-0.409,0.021251727,No Light,No Light,90%,6,0.97915,-0.00915,PMS,10.1016/j.cej.2023.145571
Iron,55.845,"O, N-doped porous carbon",Carbon,2.00%,Mixed,4,50,-0.684,Sulfamethoxazole,SMX,Antibiotic,253.28,10,-0.404,15,-0.782,PMS,1,1,1,0,1,0,0.086,0.233,96.80%,40,0.053358,-1.273,0.000955464,No Light,No Light,90%,5,0.974,-0.01144,PMS,10.1016/j.jhazmat.2023.131333
Iron,55.845,Carbon Nitride,Carbon Nitride,4.07%,N,4.2,100,-0.465,Tetracycline,TC,Antibiotic,444.43,10,-0.404,77,-0.512,PMS,1,1,1,1,1,0,0.0675,0.603,93%,40,0.007178,-2.144,0.000523142,No Light,No Light,88%,4,0.95828,-0.01851,PMS,10.1016/j.cej.2021.130803
Iron,55.845,Carbon Nitride,Carbon Nitride,3.77%,N,4,100,-0.465,O-Phenylphenol,OPP,Phenolic,170.21,10,-0.404,400,0.893,PMS,1,0,0,0,0,0,0.5213,0.072,100%,30,0.029009,-1.537,0.001958365,No Light,No Light,,,,,PMS,10.1016/j.apcatb.2021.120714
Iron,55.845,Carbon Nitride,Carbon Nitride,3.77%,N,4,100,-0.465,Phenol,PE,Phenolic,94.11,10,-0.404,400,0.893,PMS,1,0,0,0,0,0,0.0096,3.927,100%,30,0.052467,-1.28,0.003541955,No Light,No Light,,,,,PMS,10.1016/j.apcatb.2021.120714
Iron,55.845,Carbon Nitride,Carbon Nitride,3.77%,N,4,100,-0.465,"2,4,6-Trichlorophenol",246TCP,Phenolic,197.45,10,-0.404,400,0.893,PMS,1,0,0,0,0,0,0.5213,0.072,100%,30,0.025007,-1.602,0.001688191,No Light,No Light,,,,,PMS,10.1016/j.apcatb.2021.120714
Iron,55.845,Carbon Nitride,Carbon Nitride,2.50%,N,,30,-0.772,Diclofenac,DCF,Pharmaceutical,296.15,5,-0.636,400,0.893,Sulfite (S(IV)),0,1,0,1,0,1,0.082,0.305,100%,60,0.020952,-1.679,0.000281389,1500W lamp,High (>300W),100%,4,1,0,Photo-PMS,10.1016/j.cej.2020.127167
Cobalt,58.933,UiO-66 Metal-organic Framework (MOF),MOF/COF,9.12%,O,2.2,100,-0.465,Sulfamethoxazole,SMX,Antibiotic,253.28,20,0.06,106,-0.386,PMS,1,1,1,1,1,0,0.591,0.154,100%,10,0.051026,-1.292,0.007896399,No Light,No Light,100%,5,1,0,PMS,10.1016/j.seppur.2024.127225
Silver,107.87,"S,N-TiO2-x Nanocomposite",Metal Oxides,0.23%,N,,67,-0.61,Bisphenol A,BPA,Phenolic,228.29,15,-0.172,20,-0.76,PMS,0,1,1,0,0,0,0.032,0.072,100%,120,0.383284,-0.416,0.000547549,300W Xe lamp,High (>300W),99%,4,0.99666,-0.00145,Photo-PMS,10.1016/j.cclet.2021.08.085
Tungsten,183.84,Carbon Nitride,Carbon Nitride,2.81%,Mixed,,500,1.286,Sulfadiazine,SDZ,Antibiotic,250.28,20,0.06,122,-0.316,PMS,0,1,1,1,0,1,0.0121,2.322,82.10%,120,0.007154,-2.145,0.000546721,Osram 150W lamp,Low (<50W),78.45%,5,0.94113,-0.02635,Photo-PMS,10.1016/j.diamond.2024.111939
Cobalt,58.933,N-doped porous carbon,Carbon,6.98%,N,4,150,-0.246,Sulfamethoxazole,SMX,Antibiotic,253.28,3.9,-0.687,21,-0.756,PMS,1,1,0,0,1,0,0.26,0.268,100%,15,0.005778,-2.238,0.001026532,No Light,No Light,100%,4,1,0,PMS,10.1016/j.jhazmat.2023.132316
Cobalt,58.933,N-doped porous carbon,Carbon,6.98%,N,4,150,-0.246,Tetracycline,TC,Antibiotic,444.43,3.9,-0.687,21,-0.756,PMS,0,0,0,0,0,0,,NIL,100%,5,0.009879,-2.005,0.001755057,No Light,No Light,100%,5,1,0,PMS,10.1016/j.jhazmat.2023.132316
Cobalt,58.933,N-doped porous carbon,Carbon,6.98%,N,4,150,-0.246,Levofloxacin,LEV,Antibiotic,361.37,3.9,-0.687,21,-0.756,PMS,0,0,0,0,0,0,,NIL,100%,20,0.003037,-2.518,0.000539613,No Light,No Light,100%,6,1,0,PMS,10.1016/j.jhazmat.2023.132316
Cobalt,58.933,N-doped porous carbon,Carbon,6.98%,N,4,150,-0.246,Chlorotetracycline,CTC,Antibiotic,478.88,3.9,-0.687,21,-0.756,PMS,0,0,0,0,0,0,,NIL,100%,10,0.004584,-2.339,0.0008144,No Light,No Light,100%,7,1,0,PMS,10.1016/j.jhazmat.2023.132316
Molybdenum,95.95,Carbon Nitride,Carbon Nitride,0.08%,N,2,150,-0.246,Tetracycline,TC,Antibiotic,444.43,30,0.525,0,-0.847,No Oxidant,0,0,0,1,1,0,0.05953,0.013,92.10%,90,0.589152,-0.23,0.000690773,300W Xe lamp,High (>300W),85.50%,6,0.96915,-0.01361,Photocatalysis,10.1021/acsanm.4c02909
Cobalt,58.933,Molybdenum disulfide (MoS2),Metal Sulfides,4.80%,N,4,200,-0.027,Atrazine,ATZ,Pesticide,215.68,20,0.06,200,0.023,PMS,1,1,1,1,1,0,0.358,0.134,100%,20,0.028463,-1.546,0.004636499,No Light,No Light,95.30%,3,0.97622,-0.01045,PMS,10.1016/j.apsusc.2024.160066 
Vanadium,50.942,Carbon Nitride,Carbon Nitride,0.10%,Mixed,,1500,5.665,Ciprofloxacin,CIP,Antibiotic,331.34,5,-0.636,400,0.893,PMS,1,1,0,0,1,0,0.051,0.02,73%,40,0.009353,-2.029,0.000275397,No Light,No Light,82%,4,0.93599,-0.02873,PMS,10.1016/j.jece.2023.111035 
Iron,55.845,"O, N-doped biochar",Carbon,1.30%,Mixed,4,100,-0.465,Acid Orange 7,AO7,Dye,350.32,20,0.06,500,1.328,PMS,1,0,0,0,1,0,1.5,0.009,99%,5,0.485592,-0.314,0.011303951,No Light,No Light,100%,10,1,0,PMS,10.1021/acsami.3c12518 
Copper,63.546,N-doped biochar,Carbon,9.20%,N,3,150,-0.246,4-Chlorophenol,4-CP,Phenolic,128.56,20,0.06,152,-0.186,PMS,1,0,0,1,1,0,0.0805,1.143,100%,60,0.011939,-1.923,0.002592823,No Light,No Light,40%,3,0.63246,-0.19897,PMS,10.1016/j.jece.2024.114500
Iron,55.845,O-doped Graphite Carbon Nitride (g-C3N4),Carbon Nitride,1.28%,Mixed,5,100,-0.465,Ibuprofen,IBU,Pharmaceutical,206.29,15,-0.172,45.5,-0.649,PMS,1,0,1,0,0,0,0.135,0.095,100%,45,0.070498,-1.152,0.001615848,No Light,No Light,95%,5,0.98726,-0.00557,PMS,10.1016/j.cej.2022.138469 
Iron,55.845,O-doped Graphite Carbon Nitride (g-C3N4),Carbon Nitride,1.28%,Mixed,5,100,-0.465,Ibuprofen,IBU,Pharmaceutical,206.29,15,-0.172,45.5,-0.649,PMS,1,0,1,0,0,0,,NIL,100%,45,0.070498,-1.152,0.001615848,No Light,No Light,95%,5,0.98726,-0.00557,PMS,10.1016/j.cej.2022.138469 
Iron,55.845,O-doped Graphite Carbon Nitride (g-C3N4),Carbon Nitride,1.28%,Mixed,5,100,-0.465,Ibuprofen,IBU,Pharmaceutical,206.29,15,-0.172,45.5,-0.649,PMS,1,0,1,0,0,0,,NIL,100%,45,0.070498,-1.152,0.001615848,No Light,No Light,95%,5,0.98726,-0.00557,PMS,10.1016/j.cej.2022.138469 
Iron,55.845,O-doped Graphite Carbon Nitride (g-C3N4),Carbon Nitride,1.28%,Mixed,5,100,-0.465,Ibuprofen,IBU,Pharmaceutical,206.29,15,-0.172,45.5,-0.649,PMS,1,0,1,0,0,0,,NIL,100%,45,0.070498,-1.152,0.001615848,No Light,No Light,95%,5,0.98726,-0.00557,PMS,10.1016/j.cej.2022.138469 
Iron,55.845,O-doped Graphite Carbon Nitride (g-C3N4),Carbon Nitride,1.28%,Mixed,5,100,-0.465,Ibuprofen,IBU,Pharmaceutical,206.29,15,-0.172,45.5,-0.649,PMS,1,0,1,0,0,0,,NIL,100%,45,0.070498,-1.152,0.001615848,No Light,No Light,95%,5,0.98726,-0.00557,PMS,10.1016/j.cej.2022.138469 
Iron,55.845,Hollow porous C nanospheres,Carbon,0.04%,N,4,40,-0.728,Ciprofloxacin,CIP,Antibiotic,331.34,6.6,-0.562,95,-0.434,PMS,1,1,1,0,1,0,0.455,0.001,100%,10,6.952394,0.842,0.001991912,No Light,No Light,80%,5,0.94574,-0.02423,PMS,10.1016/j.apcatb.2025.126266
Platinum,195.08,Carbon Nitride,Carbon Nitride,0.10%,N,3,300,0.411,Ciprofloxacin,CIP,Antibiotic,331.34,10,-0.404,113,-0.355,PMS,1,1,1,1,1,1,,NIL,96.10%,150,0.125733,-0.901,0.000193356,300W Xe lamp,High (>300W),90%,7,0.98259,-0.00763,Photo-PMS,10.1016/j.seppur.2024.131099
Iron,55.845,Cellulose,Polymer,1.40%,N,4,100,-0.465,Levofloxacin,LEV,Antibiotic,361.37,20,0.06,32,-0.708,PMS,1,0,0,1,1,0,0.41,0.034,100%,15,0.147178,-0.832,0.003689663,No Light,No Light,90%,5,0.974,-0.01144,PMS,10.1016/j.seppur.2024.131140
Cobalt,58.933,W₁₈O₄₉ nanowires,Metal Oxides,0.50%,O,5.9,300,0.411,Bisphenol A,BPA,Phenolic,228.29,20,0.06,302,0.467,PMS,1,1,1,1,1,0,0.0922,0.054,100%,40,0.08605,-1.065,0.002190197,No Light,No Light,88%,5,0.96855,-0.01388,PMS,10.1016/j.jcis.2024.02.166 
Cobalt,58.933,Carbon Nitride,Carbon Nitride,7.13%,N,3.4,100,-0.465,Sulfamethoxazole,SMX,Antibiotic,253.28,10,-0.404,67,-0.556,PMS,1,1,1,1,1,0,0.604,0.118,100%,8,0.040792,-1.389,0.00493525,No Light,No Light,81.37%,3,0.90205,-0.04477,PMS,10.1016/j.cej.2023.146721 
Cobalt,58.933,N-doped porous carbon,Carbon,1.78%,N,3.64,100,-0.465,Bisphenol A,BPA,Phenolic,228.29,20,0.06,100,-0.412,PMS,1,0,0,0,1,0,3.66,0.005,98%,1,2.842547,0.454,0.08585571,No Light,No Light,96%,4,0.98648,-0.00591,PMS,10.1016/j.cej.2022.139229 
Cobalt,58.933,UiO-66 Metal-organic Framework (MOF),MOF/COF,8.70%,S,1,100,-0.465,Norfloxacin,NOR,Antibiotic,319.33,20,0.06,190,-0.02,PMS,1,1,1,1,1,0,0.0142,6.127,98.50%,240,0.001741,-2.759,0.000257049,No Light,No Light,,,,,PMS,10.1016/j.jece.2022.108972 
Cobalt,58.933,"2,2′-bipyridine-bridged perylene diimide",Heterostructure,0.39%,N,4.018,400,0.848,Sulfamethoxazole,SMX,Antibiotic,253.28,10,-0.404,15.6,-0.779,PMS,1,0,0,1,1,1,0.1938,0.02,100%,30,0.049718,-1.303,0.001316067,10W LED,Low (<50W),90%,5,0.974,-0.01144,Photo-PMS,10.1016/j.cej.2025.169686
Iron,55.845,Carbon Nitride,Carbon Nitride,0.10%,N,4.3,500,1.286,Tetracycline,TC,Antibiotic,444.43,20,0.06,54.1,-0.612,PDS,1,1,1,1,1,1,0.0551,0.018,99%,90,0.055288,-1.257,0.000495016,300W Xe lamp,High (>300W),,,,,Photo-PMS,10.1016/j.seppur.2024.127879
Cobalt,58.933,defective N-doped porous carbon,Carbon,,N,,30,-0.772,Sulfamethoxazole,SMX,Antibiotic,253.28,25,0.293,152,-0.186,PMS,0,1,1,0,0,0,0.124,NIL,92%,15,NIL,NIL,0.006053906,No Light,No Light,82%,4,0.93599,-0.02873,PMS,10.1016/j.matlet.2024.137923
Cobalt,58.933,N-doped biochar,Carbon,0.89%,N,5,100,-0.465,Sulfamethoxazole,SMX,Antibiotic,253.28,10,-0.404,76,-0.516,PMS,1,0,0,0,1,0,0.15,0.059,100%,30,0.087146,-1.06,0.001316067,No Light,No Light,,,,,PMS,10.1016/j.cej.2024.158889
Platinum,195.08,Cerium-based metal-organic framework (Ce-MOF),MOF/COF,0.08%,O,2,1000,3.476,Dimethyl methylphosphonate,DMMP,Industrial Pollutant,124.08,50,1.454,0,-0.847,No Oxidant,,,,,,,,NIL,99%,120,0.790899,-0.102,0.003324468,300W Xe lamp,High (>300W),80%,5,0.94574,-0.02423,Photocatalysis,10.1016/j.jece.2025.117209 
Silver,107.87,Carbon Nitride,Carbon Nitride,0.53%,N,,200,-0.027,Rhodamine B,RhB,Dye,479.02,20,0.06,0,-0.847,No Oxidant,0,0,1,1,0,0,0.04422,0.12,100%,60,0.070814,-1.15,0.000695865,300W Xe lamp,High (>300W),95%,5,0.98726,-0.00557,Photocatalysis,10.1039/d1qi01138c
Silver,107.87,Carbon Nitride,Carbon Nitride,0.53%,N,,200,-0.027,Tetracycline,TC,Antibiotic,444.43,20,0.06,0,-0.847,No Oxidant,0,0,1,1,0,0,0.04422,0.12,100%,60,0.076326,-1.117,0.000750024,300W Xe lamp,High (>300W),95%,5,0.98726,-0.00557,Photocatalysis,10.1039/d1qi01138c
Iron,55.845,Carbon Nitride,Carbon Nitride,0.30%,N,5.5,300,0.411,Atrazine,ATZ,Pesticide,215.68,2.5,-0.752,302,0.467,PMS,1,1,1,1,1,1,0.13,0.023,80%,15,0.038359,-1.416,0.0006182,300W Xe lamp,High (>300W),73%,5,0.92434,-0.03417,Photo-PMS,10.1016/j.cej.2024.156625
Copper,63.546,Crystalline Carbon Nitride (Cu-CCN),Carbon Nitride,0.28%,N,3,333,0.555,Bisphenol A,BPA,Phenolic,228.29,20,0.06,40,-0.673,PMS,0,1,1,1,1,1,0.14,0.02,100%,25,0.23883,-0.622,0.003504315,300W Xe lamp,High (>300W),90%,5,0.974,-0.01144,Photo-PMS,10.1016/j.cej.2023.145230
Iron,55.845,Ferrocene Graphite Carbon Nitride (Fc-CN),Carbon Nitride,0.05%,,,100,-0.465,Bisphenol A,BPA,Phenolic,228.29,20,0.06,200,0.023,PMS,1,1,1,1,1,1,0.053,0.009,100%,60,1.63082,0.212,0.001460131,300W Xe lamp,High (>300W),95%,5,0.98726,-0.00557,Photo-PMS,10.1016/j.seppur.2023.124192 
Copper,63.546,Mxene (Ti3C2),Carbon,0.26%,O,5.2,500,1.286,Sulfamethoxazole,SMX,Antibiotic,253.28,15,-0.172,228,0.145,PMS,1,1,1,1,1,0,0.0485,0.054,97%,60,0.046801,-1.33,0.000957438,No Light,No Light,95%,5,0.98726,-0.00557,PMS,10.1016/j.eng.2023.07.020
Copper,63.546,O-doped Graphite Carbon Nitride (g-C3N4),Carbon Nitride,2.46%,N,,1000,3.476,Carbamazepine,CBZ,Pharmaceutical,236.27,2.36,-0.759,5.65,-0.822,PMS,1,0,0,1,1,1,,NIL,97.80%,35,0.000721,-3.142,0.000279109,300W Xe lamp,High (>300W),100%,6,1,0,Photo-PMS,10.1016/j.apsusc.2023.158290
Copper,63.546,Graphite Carbon Nitride (g-C3N4) and Mxene (Ti3C2) heterojunction,Heterostructure,0.09%,N,3,500,1.286,Ciprofloxacin,CIP,Antibiotic,331.34,10,-0.404,775,2.525,PMS,1,1,1,1,1,1,0.68,0.001,88.76%,150,0.025219,-1.598,0.000178588,300W Xe lamp,High (>300W),80%,7,0.96349,-0.01615,Photo-PMS,10.1016/j.surfin.2025.108153 
Silver,107.87,Cyclized Polyacrylonitrile,Carbon,0.03,N,,600,1.724,4-NitroPhenol,4NP,Phenolic,139.11,20,0.06,40,-0.673,PMS,0,1,1,0,0,0,0.069,0.435,100%,60,0.01436,-1.843,0.002396185,150W Xe lamp,Medium (50-300W),89%,6,0.97696,-0.01012,Photo-PMS,10.1007/s10904-024-03171-8
Cobalt,58.933,Carbon Nitride,Carbon Nitride,0.52%,N,4,200,-0.027,Bisphenol A,BPA,Phenolic,228.29,10,-0.404,76,-0.516,PMS,1,0,0,1,1,0,0.0662,0.079,95%,40,0.058952,-1.229,0.001040343,No Light,No Light,82%,5,0.9516,-0.02155,PMS,10.1016/j.cej.2022.135002 
Barium,137.33,Carbon Nitride,Carbon Nitride,1.78%,N,1,400,0.848,Carbamazepine,CBZ,Pharmaceutical,236.27,1,-0.822,0,-0.847,No Oxidant,0,0,1,1,1,0,0.0485,0.367,100%,60,0.001361,-2.866,7.05E-05,300W Xe lamp,High (>300W),80%,5,0.94574,-0.02423,Photocatalysis,10.1016/j.jhazmat.2021.125936
Barium,137.33,Carbon Nitride,Carbon Nitride,1.78%,N,1,400,0.848,Diclofenac,DCF,Pharmaceutical,296.15,8,-0.497,0,-0.847,No Oxidant,0,0,1,1,1,0,0.2047,0.087,100%,20,0.026052,-1.584,0.001350667,300W Xe lamp,High (>300W),80%,5,0.94574,-0.02423,Photocatalysis,10.1016/j.jhazmat.2021.125936
Iron,55.845,N-doped porous carbon,Carbon,1.57%,N,3.87,100,-0.465,Sulfamethoxazole,SMX,Antibiotic,253.28,10,-0.404,0.6,-0.844,PMS,1,1,1,1,1,0,0.0906,0.173,96%,30,0.04494,-1.347,0.001263424,No Light,No Light,80%,5,0.94574,-0.02423,PMS,10.1016/j.seppur.2025.135572
Iron,55.845,N-doped porous carbon,Carbon,1.57%,N,3.87,100,-0.465,Tetracycline,TC,Antibiotic,444.43,10,-0.404,0.6,-0.844,PMS,1,1,1,1,1,0,,NIL,95.10%,30,0.025371,-1.596,0.000713273,No Light,No Light,80%,5,0.94574,-0.02423,PMS,10.1016/j.seppur.2025.135572
Iron,55.845,N-doped porous carbon,Carbon,1.57%,N,3.87,100,-0.465,Atrazine,ATZ,Pesticide,215.68,10,-0.404,0.6,-0.844,PMS,1,1,1,1,1,0,,NIL,77%,30,0.04233,-1.373,0.001190035,No Light,No Light,80%,5,0.94574,-0.02423,PMS,10.1016/j.seppur.2025.135572
Ruthenium,101.07,NiFe layered double hydroxide,Layered Hydroxide,0.77%,O,,100,-0.465,Carbamazepine,CBZ,Pharmaceutical,236.27,20,0.06,200,0.023,PMS,1,1,1,1,1,0,0.118,0.065,100%,25,0.44444,-0.352,0.003385957,No Light,No Light,61%,4,0.84809,-0.07156,PMS,10.1016/j.seppur.2024.127858 
Cobalt,58.933,Crystalline V3O7·H2O,Metal Oxides,2.35%,O,3.3,25,-0.793,Sulfamethoxazole,SMX,Antibiotic,253.28,10,-0.404,308,0.493,PMS,1,0,0,0,0,0,0.307,0.077,82.50%,5,0.653482,-0.185,0.006514529,No Light,No Light,,,,,PMS,10.1016/j.jhazmat.2025.140768
Iron,55.845,N-doped carbon,Carbon,0.67%,N,4,100,-0.465,Perfluorooctanoic Acid,PFOA,Industrial Pollutant,414.07,1,-0.822,30,-0.717,PMS,1,0,0,0,1,0,,NIL,90.50%,120,0.001518,-2.819,1.82E-05,No Light,No Light,80%,4,0.92832,-0.0323,PMS,10.1016/j.cej.2025.162424 
Iron,55.845,Carbon Nitride,Carbon Nitride,1.70%,Mixed,3.9,50,-0.684,Oxytetracycline,OTC,Antibiotic,460.43,10,-0.404,50,-0.63,PMS,1,1,1,1,1,1,0.067,0.254,82.40%,30,0.039193,-1.407,0.000596544,300W Xe lamp,High (>300W),73.40%,4,0.90205,-0.04477,Photo-PMS,10.1016/j.jece.2024.115130 
Molybdenum,95.95,MIL-101(Fe) with oxygen vacancies,MOF/COF,1.00%,O,,200,-0.027,Sulfamethoxazole,SMX,Antibiotic,253.28,10,-0.404,200,0.023,PMS,1,1,1,1,1,1,,NIL,96.80%,220,0.008334,-2.079,0.000173721,300W Xe lamp,High (>300W),70%,5,0.91469,-0.03873,Photo-PMS,10.1016/j.psep.2025.106778 
Molybdenum,95.95,MIL-101(Fe) with oxygen vacancies,MOF/COF,1.00%,O,,200,-0.027,Ciprofloxacin,CIP,Antibiotic,331.34,10,-0.404,200,0.023,PMS,1,1,1,1,1,1,,NIL,79%,220,0.005199,-2.284,0.000108375,300W Xe lamp,High (>300W),70%,5,0.91469,-0.03873,Photo-PMS,10.1016/j.psep.2025.106778 
Molybdenum,95.95,MIL-101(Fe) with oxygen vacancies,MOF/COF,1.00%,O,,200,-0.027,Carbamazepine,CBZ,Pharmaceutical,236.27,10,-0.404,200,0.023,PMS,1,1,1,1,1,1,,NIL,90%,220,0.008307,-2.081,0.000173146,300W Xe lamp,High (>300W),70%,5,0.91469,-0.03873,Photo-PMS,10.1016/j.psep.2025.106778 
Molybdenum,95.95,MIL-101(Fe) with oxygen vacancies,MOF/COF,1.00%,O,,200,-0.027,Naproxen,NPX,Pharmaceutical,230.26,10,-0.404,200,0.023,PMS,1,1,1,1,1,1,,NIL,100%,220,0.009471,-2.024,0.000197405,300W Xe lamp,High (>300W),70%,5,0.91469,-0.03873,Photo-PMS,10.1016/j.psep.2025.106778 
Iron,55.845,Carbon Nitride,Carbon Nitride,6.82%,Mixed,4,200,-0.027,Bisphenol A,BPA,Phenolic,228.29,10,-0.404,200,0.023,PMS,1,1,1,0,1,0,4.435,0.015,99.90%,1,0.179163,-0.747,0.04376013,No Light,No Light,98%,6,0.99597,-0.00175,PMS,10.1021/acsestengg.4c00400
Iron,55.845,Carbon Nitride,Carbon Nitride,6.82%,Mixed,4,200,-0.027,Sulfadiazine,SDZ,Antibiotic,250.28,10,-0.404,200,0.023,PMS,1,1,1,0,1,0,0.403,0.169,99.90%,6,0.027237,-1.565,0.006652549,No Light,No Light,98%,6,0.99597,-0.00175,PMS,10.1021/acsestengg.4c00400
Silver,107.87,Graphite Carbon Nitride (g-C3N4) and Molybdenum disulfide (MoS2),Heterostructure,10.00%,N,,200,-0.027,Tetracycline,TC,Antibiotic,444.43,20,0.06,11.3,-0.798,PMS,0,1,1,1,0,0,0.0837,1.195,98.90%,50,0.004801,-2.319,0.000890129,300W Xe lamp,High (>300W),100%,5,1,0,Photo-PMS,10.1016/j.apsusc.2020.146076
Copper,63.546,Carbon Nitride,Carbon Nitride,0.99%,N,2,750,2.381,Methylene Blue,MB,Dye,319.85,15,-0.172,0,-0.847,No Oxidant,0,0,1,0,0,0,0.1,0.099,100%,5,0.080272,-1.095,0.009379397,8W UVC lamp,Low (<50W),64%,5,0.89443,-0.04846,Photocatalysis,10.1039/d3ra06109d
Copper,63.546,Carbon Nitride,Carbon Nitride,0.99%,N,2,750,2.381,Congo Red,CR,Dye,696.66,15,-0.172,0,-0.847,No Oxidant,0,0,1,0,0,0,0.02,0.495,99%,30,0.006081,-2.216,0.000710533,8W UVC lamp,Low (<50W),70%,5,0.91469,-0.03873,Photocatalysis,10.1039/d3ra06109d
Iron,55.845,N-doped porous carbon,Carbon,2.17%,N,4,50,-0.684,Rhodamine B,RhB,Dye,479.02,25,0.293,40,-0.673,PMS,1,1,1,0,1,0,19.66,0.001,100%,0.5,5.372432,0.73,0.104379775,No Light,No Light,90%,3,0.94868,-0.02288,PMS,10.1002/smll.202104941
Iron,55.845,N-doped porous carbon,Carbon,2.17%,N,4,50,-0.684,Ciprofloxacin,CIP,Antibiotic,331.34,10,-0.404,40,-0.673,PMS,1,1,1,0,1,0,,NIL,94.20%,10,0.146329,-0.835,0.002843001,No Light,No Light,,,,,PMS,10.1002/smll.202104941
Iron,55.845,N-doped porous carbon,Carbon,2.17%,N,4,50,-0.684,Bisphenol A,BPA,Phenolic,228.29,20,0.06,40,-0.673,PMS,1,1,1,0,1,0,,NIL,100%,6,0.75153,-0.124,0.014601311,No Light,No Light,,,,,PMS,10.1002/smll.202104941
Iron,55.845,N-doped porous carbon,Carbon,4.92%,N,4.01,200,-0.027,Tetracycline,TC,Antibiotic,444.43,20,0.06,95,-0.434,PMS,1,1,1,1,1,1,,NIL,91%,20,0.011621,-1.935,0.002047567,No Light,No Light,75.23%,4,0.90949,-0.0412,PMS,10.1016/j.cej.2025.171819
Iron,55.845,N-doped biochar,Carbon,3.86%,N,,200,-0.027,Phenol,PE,Phenolic,94.11,20,0.06,38,-0.682,PMS,0,1,1,1,1,0,,NIL,100%,10,0.153731,-0.813,0.021251727,No Light,No Light,90%,4,0.96549,-0.01525,PMS,10.1016/j.solidstatesciences.2025.107860
Iron,55.845,N-doped biochar,Carbon,3.86%,N,,200,-0.027,Phenol,PE,Phenolic,94.11,20,0.06,38,-0.682,PMS,0,1,1,1,1,0,,NIL,100%,10,0.153731,-0.813,0.021251727,No Light,No Light,90%,5,0.974,-0.01144,PMS,10.1016/j.solidstatesciences.2025.107860
Copper,63.546,N-doped Carbon Cellulose,Carbon,4.08%,N,3.8,200,-0.027,Oxytetracycline,OTC,Antibiotic,460.43,10,-0.404,9.7,-0.805,PMS,0,1,1,0,1,0,,NIL,96.47%,60,0.002719,-2.566,0.000349203,No Light,No Light,63.98%,3,0.79987,-0.09698,PMS,10.1016/j.cej.2022.138194
Iron,55.845,N-doped porous carbon,Carbon,,N,,30,-0.772,Zearalenone,ZEN,Natural Pollutant,318.36,1,-0.822,96,-0.429,PMS,1,1,1,1,1,0,0.0514,NIL,99.39%,60,NIL,NIL,5.20E-05,No Light,No Light,66.40%,3,0.81486,-0.08892,PMS,10.1016/j.mtcomm.2025.111601
Iron,55.845,N-doped porous carbon,Carbon,2.69%,N,6,100,-0.465,Bisphenol A,BPA,Phenolic,228.29,10,-0.404,76,-0.516,PMS,1,1,1,0,0,0,0.615,0.044,99%,5,0.180057,-0.745,0.008673179,No Light,No Light,55%,4,0.81932,-0.08655,PMS,10.1016/j.apcatb.2019.118350
Iron,55.845,N-doped porous carbon,Carbon,0.38%,N,4,50,-0.684,Tetracycline,TC,Antibiotic,444.43,25,0.293,200,0.023,PMS,1,1,1,1,1,0,0.051,0.075,92%,40,0.380273,-0.42,0.001293792,No Light,No Light,92.40%,5,0.98043,-0.00858,PMS,10.1021/acsami.4c22908
Cobalt,58.933,N-doped porous carbon,Carbon,2.30%,N,4,5,-0.881,Benzotriazole,BZTA,Industrial Pollutant,119.12,0.54,-0.843,38,-0.682,PMS,1,1,1,1,1,0,0.156,0.147,,,NIL,NIL,NIL,No Light,No Light,,,,,PMS,10.1002/smll.202409803
Cobalt,58.933,N-doped porous carbon,Carbon,2.30%,N,4,5,-0.881,Benzotriazole,BZTA,Industrial Pollutant,119.12,0.54,-0.843,38,-0.682,PMS,1,1,1,1,1,0,0.2,0.115,95%,3600,0.000613,-3.213,1.20E-06,No Light,No Light,,,,,PMS,10.1002/smll.202409803
Cobalt,58.933,N-doped porous carbon,Carbon,2.30%,N,4,5,-0.881,Benzotriazole,BZTA,Industrial Pollutant,119.12,0.54,-0.843,38,-0.682,PMS,1,1,1,1,1,0,0.18,0.128,,,NIL,NIL,NIL,No Light,No Light,,,,,PMS,10.1002/smll.202409803
Cobalt,58.933,N-doped porous carbon,Carbon,2.30%,N,4,5,-0.881,Benzotriazole,BZTA,Industrial Pollutant,119.12,0.54,-0.843,38,-0.682,PMS,1,1,1,1,1,0,0.121,0.19,100%,3600,0.000645,-3.19,1.26E-06,No Light,No Light,,,,,PMS,10.1002/smll.202409803
Cobalt,58.933,Carbon Nitride,Carbon Nitride,1.28%,N,2.6,300,0.411,Oxytetracycline,OTC,Antibiotic,460.43,20,0.06,0,-0.847,No Oxidant,0,0,0,1,1,1,0.038,0.337,75.70%,40,0.012616,-1.899,0.000822058,300W Xe lamp,High (>300W),95%,4,0.98305,-0.00743,Photocatalysis,10.1002/smll.202001634
Bismuth,208.98,Mesoporous anatase TiO2,Metal Oxides,0.50%,O,4.17,300,0.411,Formaldehyde,CH2O,Industrial Pollutant,30.03,50,1.454,0,-0.847,No Oxidant,0,0,1,1,1,0,0.161,0.031,93%,16,13.483142,1.13,0.096778222,300W Xe lamp,High (>300W),90%,6,0.97915,-0.00915,Photocatalysis,10.1016/j.seppur.2024.128635
Cobalt,58.933,N-doped porous carbon,Carbon,0.80%,N,4.08,100,-0.465,Levofloxacin,LEV,Antibiotic,361.37,20,0.06,190,-0.02,PMS,1,1,1,1,1,0,0.175,0.046,98%,20,0.199776,-0.699,0.002711902,300W Xe lamp,High (>300W),100%,5,1,0,Photo-PMS,10.1016/j.jcis.2024.08.194
Ruthenium,101.07,Zinc-aluminium layered double hydroxides,Layered Hydroxide,0.20%,O,,50,-0.684,Tetracycline,TC,Antibiotic,444.43,10,-0.404,50,-0.63,PMS,0,1,1,1,0,1,,NIL,100%,1,22.741489,1.357,0.022500731,420nm Xe lamp,High (>300W),96%,4,0.98648,-0.00591,Photo-PMS,10.1016/j.jenvman.2024.120156
Iron,55.845,Pyrazole metal-organic framework MOFs,MOF/COF,,N,4,200,-0.027,Tetracycline,TC,Antibiotic,444.43,40,0.989,170,-0.107,H2O2,1,1,1,1,1,0,0.294,NIL,98.36%,10,NIL,NIL,0.008852688,No Light,No Light,82.02%,5,0.95166,-0.02152,PMS,10.1016/j.jcis.2024.11.004 
Iron,55.845,Pyrazole metal-organic framework MOFs,MOF/COF,,N,4,200,-0.027,Tetracycline,TC,Antibiotic,444.43,40,0.989,62,-0.577,PMS,1,1,1,1,1,0,0.237,NIL,97.01%,10,NIL,NIL,0.008731184,No Light,No Light,90.92%,5,0.97648,-0.01034,PMS,10.1016/j.jcis.2024.11.004 
Cobalt,58.933,N-doped porous carbon,Carbon,0.28%,N,3,100,-0.465,Norfloxacin,NOR,Antibiotic,319.33,10,-0.404,190,-0.02,PMS,1,0,0,0,0,0,0.173,0.016,98.50%,30,0.216409,-0.665,0.001028194,No Light,No Light,87%,5,0.96578,-0.01512,PMS,10.1016/j.jhazmat.2023.131622
Cobalt,58.933,O-doped Graphite Carbon Nitride (g-C3N4),Carbon Nitride,3.24%,Mixed,,100,-0.465,Phenol,PE,Phenolic,94.11,15,-0.172,61,-0.582,PMS,1,0,0,0,1,0,0.76,0.043,99%,5,0.57403,-0.241,0.031558814,No Light,No Light,65%,3,0.80623,-0.09354,PMS,10.1016/j.cej.2025.165195
Cobalt,58.933,O-doped Graphite Carbon Nitride (g-C3N4),Carbon Nitride,3.24%,Mixed,,100,-0.465,"2,4-Dichlorophenol",24DCP,Phenolic,163,15,-0.172,61,-0.582,PMS,1,0,0,0,0,0,0.76,0.043,99%,5,0.331423,-0.48,0.018220859,No Light,No Light,65%,3,0.80623,-0.09354,PMS,10.1016/j.cej.2025.165195
Iron,55.845,Imine-based COFs,MOF/COF,0.20%,O,,200,-0.027,Ciprofloxacin,CIP,Antibiotic,331.34,10,-0.404,200,0.023,PMS,0,1,1,1,0,1,0.0402,0.05,86.35%,60,0.06064,-1.217,0.000434347,300W Xe lamp,High (>300W),90.83%,4,0.96845,-0.01392,Photo-PMS,10.1016/j.cej.2025.162623
Iron,55.845,Imine-based COFs,MOF/COF,0.20%,O,,200,-0.027,Rhodamine B,RhB,Dye,479.02,10,-0.404,200,0.023,PMS,0,1,1,1,0,1,0.0402,0.05,99.94%,60,0.048547,-1.314,0.000347724,300W Xe lamp,High (>300W),90.83%,4,0.96845,-0.01392,Photo-PMS,10.1016/j.cej.2025.162623
Iron,55.845,Imine-based COFs,MOF/COF,0.20%,O,,200,-0.027,Tetracycline,TC,Antibiotic,444.43,10,-0.404,200,0.023,PMS,0,1,1,1,0,1,0.0402,0.05,90.41%,60,0.047335,-1.325,0.000339049,300W Xe lamp,High (>300W),90.83%,4,0.96845,-0.01392,Photo-PMS,10.1016/j.cej.2025.162623
Iron,55.845,Imine-based COFs,MOF/COF,0.20%,O,,200,-0.027,Thiamethoxam,THI,Pesticide,291.71,5,-0.636,200,0.023,PMS,0,1,1,1,0,1,0.0402,0.05,93.09%,60,0.037127,-1.43,0.000265932,300W Xe lamp,High (>300W),90.83%,4,0.96845,-0.01392,Photo-PMS,10.1016/j.cej.2025.162623
Copper,63.546,Molybdenum disulfide (MoS2),Metal Sulfides,,,,150,-0.246,Tetracycline,TC,Antibiotic,444.43,20,0.06,1540,5.853,PMS,1,0,1,1,1,0,0.052,NIL,98.50%,60,NIL,NIL,0.000738774,No Light,No Light,,,,,PMS,10.1016/j.jece.2024.112559
Cobalt,58.933,N-doped porous carbon,Carbon,2.25%,Mixed,4,50,-0.684,Carbamazepine,CBZ,Pharmaceutical,236.27,5,-0.636,152,-0.186,PMS,1,1,1,0,1,0,1.25,0.018,99%,5,0.219499,-0.659,0.004190122,No Light,No Light,96.80%,5,0.9919,-0.00353,PMS,10.1016/j.cej.2023.145377
Iron,55.845,N-doped nanoplate carbon,Carbon,2.45%,N,4,50,-0.684,p-Nitrophenol,PNP,Phenolic,139.11,20,0.06,152,-0.186,PMS,1,1,1,1,1,0,0.302,0.081,99%,5,1.297732,0.113,0.028466681,No Light,No Light,65%,3,0.80623,-0.09354,PMS,10.1016/j.apsusc.2022.153124
Nickel,58.693,Carbon Nitride,Carbon Nitride,0.52%,Mixed,7.2,400,0.848,Tetracycline,TC,Antibiotic,444.43,20,0.06,0,-0.847,No Oxidant,0,0,0,1,0,0,0.01572,0.331,89.40%,120,0.00946,-2.024,0.000335261,300W Xe lamp,High (>300W),100%,5,1,0,Photocatalysis,10.1016/j.cej.2022.137379
Cobalt,58.933,N-doped porous carbon,Carbon,,Mixed,3,60,-0.64,Ciprofloxacin,CIP,Antibiotic,331.34,20,0.06,121,-0.321,PMS,1,1,1,0,1,0,0.35,NIL,100%,20,NIL,NIL,0.003018048,No Light,No Light,,,,,PMS,10.1016/j.jcis.2025.02.110
Cobalt,58.933,N-doped porous carbon,Carbon,,Mixed,3,60,-0.64,Ciprofloxacin,CIP,Antibiotic,331.34,20,0.06,121,-0.321,PMS,1,1,1,0,1,0,0.436,NIL,100%,15,NIL,NIL,0.004024064,No Light,No Light,,,,,PMS,10.1016/j.jcis.2025.02.110
Cobalt,58.933,N-doped porous carbon,Carbon,,Mixed,3,60,-0.64,Ciprofloxacin,CIP,Antibiotic,331.34,20,0.06,121,-0.321,PMS,1,1,1,0,1,0,0.268,NIL,100%,30,NIL,NIL,0.002012032,No Light,No Light,,,,,PMS,10.1016/j.jcis.2025.02.110
Cobalt,58.933,N-doped porous carbon,Carbon,,Mixed,3,60,-0.64,Ciprofloxacin,CIP,Antibiotic,331.34,20,0.06,121,-0.321,PMS,1,1,1,0,1,0,0.321,NIL,100%,20,NIL,NIL,0.003018048,No Light,No Light,,,,,PMS,10.1016/j.jcis.2025.02.110
Cobalt,58.933,N-doped porous carbon,Carbon,,Mixed,3,60,-0.64,Ciprofloxacin,CIP,Antibiotic,331.34,20,0.06,121,-0.321,PMS,1,1,1,0,1,0,0.37,NIL,100%,15,NIL,NIL,0.004024064,No Light,No Light,,,,,PMS,10.1016/j.jcis.2025.02.110
Cobalt,58.933,N-doped porous carbon,Carbon,2.45%,N,3.29,50,-0.684,Naproxen,NPX,Pharmaceutical,230.26,10,-0.404,76,-0.516,PMS,1,1,1,0,1,0,0.241,0.102,100%,20,0.104466,-0.981,0.002171458,No Light,No Light,100%,4,1,0,PMS,10.1016/j.apcatb.2021.119910
Silver,107.87,Carbon Nitride,Carbon Nitride,0.60%,N,,833,2.744,Tetracycline,TC,Antibiotic,444.43,20,0.06,0,-0.847,No Oxidant,0,0,1,1,1,1,,NIL,64.29%,180,0.003469,-2.46,0.00016073,300W Xe lamp,High (>300W),77%,3,0.8775,-0.05675,Photocatalysis,10.1016/j.materresbull.2023.112553
Silver,107.87,Carbon Nitride,Carbon Nitride,0.60%,N,,833,2.744,Rhodamine B,RhB,Dye,479.02,10,-0.404,0,-0.847,No Oxidant,0,0,1,1,1,1,0.0144,0.417,93.49%,180,0.00234,-2.631,0.000108427,300W Xe lamp,High (>300W),77%,3,0.8775,-0.05675,Photocatalysis,10.1016/j.materresbull.2023.112553
Iron,55.845,"O, N-doped Graphite Carbon Nitride (g-C3N4)",Carbon Nitride,1.32%,Mixed,1.2,200,-0.027,Sulfathiazole,STZ,Antibiotic,255.32,2,-0.776,60.8,-0.583,PMS,1,1,1,1,1,0,0.14,0.094,100%,25,0.006628,-2.179,0.000313332,No Light,No Light,90.70%,4,0.96799,-0.01413,PMS,10.1016/j.cej.2026.172581 
Silver,107.87,Mesopourous Graphitic Carbon Nitride (g-C3N4),Carbon Nitride,10%,N,,100,-0.465,Bisphenol A,BPA,Phenolic,228.29,20,0.06,615,1.829,PMS,0,1,0,1,0,1,,NIL,100%,0.1,9.450261,0.975,0.876078672,300W Xe lamp,High (>300W),76%,4,0.91258,-0.03973,Photo-PMS,10.1016/j.apcatb.2017.03.079
Cobalt,58.933,P-doped Carbon Nitride (C3N5),Carbon Nitride,8.16%,Mixed,4,100,-0.465,"2,4,4′-trichlorobiphenyl",PCB28,Industrial Pollutant,257.54,0.5,-0.845,616,1.833,PMS,1,1,1,0,1,0,0.1379,0.592,95.50%,20,0.00067,-3.174,0.000092704,No Light,No Light,95%,4,0.98305,-0.00743,PMS,10.1016/j.jhazmat.2023.131480
Cobalt,58.933,P-doped Carbon Nitride (C3N5),Carbon Nitride,8.16%,Mixed,4,100,-0.465,Sulfamethoxazole,SMX,Antibiotic,253.28,22.4,0.172,616,1.833,PMS,1,1,1,1,1,1,,NIL,100%,1,0.638727,-0.195,0.088439672,No Light,No Light,95%,5,0.98726,-0.00557,PMS,10.1016/j.jhazmat.2023.131480
Cobalt,58.933,P-doped Carbon Nitride (C3N5),Carbon Nitride,8.16%,Mixed,4,100,-0.465,Diethyl Phthalate,DEP,Industrial Pollutant,222.24,10,-0.404,616,1.833,PMS,1,1,1,1,1,1,,NIL,100%,5,0.064994,-1.187,0.00899928,No Light,No Light,95%,6,0.98979,-0.00446,PMS,10.1016/j.jhazmat.2023.131480
Cobalt,58.933,P-doped Carbon Nitride (C3N5),Carbon Nitride,8.16%,Mixed,4,100,-0.465,4-Chlorophenol,4-CP,Phenolic,128.56,130.5,5.193,616,1.833,PMS,1,1,1,1,1,1,,NIL,100%,5,1.466233,0.166,0.203018046,No Light,No Light,95%,7,0.99149,-0.00371,PMS,10.1016/j.jhazmat.2023.131480
Cobalt,58.933,P-doped Carbon Nitride (C3N5),Carbon Nitride,8.16%,Mixed,4,100,-0.465,Bisphenol A,BPA,Phenolic,228.29,228.3,9.736,616,1.833,PMS,1,1,1,1,1,1,,NIL,100%,5,1.4445,0.16,0.200008761,No Light,No Light,95%,8,0.9927,-0.00318,PMS,10.1016/j.jhazmat.2023.131480
Copper,63.546,Carbon Nitride,Carbon Nitride,25.64%,N,2.2,100,-0.465,Tetracycline,TC,Antibiotic,444.43,20,0.06,240,0.197,Persulfate (PS),0,1,1,1,1,1,0.003,85.467,82.40%,40,0.002298,-2.639,0.00092703,10W LED,Low (<50W),,,,,Photo-PMS,10.1016/j.jhazmat.2022.128398
Iron,55.845,Carbon Nitride,Carbon Nitride,14.00%,N,5.1,667,2.018,Glucose,GLU,Biomass,180.16,9,-0.451,152,-0.186,PMS,1,1,1,1,1,1,,NIL,36%,30,0.000359,-3.446,0.000599467,300W Xe lamp,High (>300W),86%,5,0.963,-0.01638,Photo-PMS,10.1016/j.jcat.2023.115257
Iron,55.845,Carbon Nitride,Carbon Nitride,0.59%,N,4.1,100,-0.465,Carbamazepine,CBZ,Pharmaceutical,236.27,6,-0.59,30,-0.717,PMS,0,1,1,1,1,0,0.35,0.017,100%,12,0.200306,-0.698,0.002116223,1800W Xe lamp,High (>300W),98%,9,0.99748,-0.0011,Photo-PMS,10.1016/j.jece.2025.117359
Iron,55.845,P-doped Carbon Nitride (C3N5),Carbon Nitride,3.34%,Mixed,5,100,-0.465,Sulfadiazine,SDZ,Antibiotic,250.28,20,0.06,200,0.023,PMS,1,1,1,1,1,0,3.54,0.009,98.60%,10,0.13174,-0.88,0.007879175,No Light,No Light,,,,,PMS,10.1016/j.apcatb.2025.125967
Cobalt,58.933,Molybdenum disulfide (MoS2),Metal Sulfides,1.08%,S,,300,0.411,Bisphenol A,BPA,Phenolic,228.29,20,0.06,9.1,-0.807,PMS,0,1,1,1,1,1,,NIL,53.79%,15,0.057144,-1.243,0.003141618,50W Tungsten lamp,Medium (50-300W),84%,3,0.91652,-0.03786,Photo-PMS,10.1016/j.jece.2022.107449
Cobalt,58.933,Molybdenum disulfide (MoS2),Metal Sulfides,1.08%,S,,300,0.411,Rhodamine B,RhB,Dye,479.02,50,1.454,9.1,-0.807,PMS,0,1,1,1,1,1,0.261,0.041,98%,21,0.088601,-1.053,0.004871056,50W Tungsten lamp,Medium (50-300W),84%,3,0.91652,-0.03786,Photo-PMS,10.1016/j.jece.2022.107449
Cobalt,58.933,Molybdenum disulfide (MoS2),Metal Sulfides,1.08%,S,,300,0.411,Tetracycline,TC,Antibiotic,444.43,20,0.06,9.1,-0.807,PMS,0,1,1,1,1,1,,NIL,76.45%,15,0.041718,-1.38,0.002293575,50W Tungsten lamp,Medium (50-300W),84%,3,0.91652,-0.03786,Photo-PMS,10.1016/j.jece.2022.107449
Cobalt,58.933,Carbon Nitride,Carbon Nitride,1.19%,N,4.1,100,-0.465,Paracetamol,APAP,Pharmaceutical,151.16,20,0.06,121,-0.321,PMS,1,0,0,0,1,1,0.488,0.024,100%,30,0.217866,-0.662,0.004410338,No Light,No Light,85%,15,0.98846,-0.00504,PMS,10.1016/j.apcatb.2026.126432
Iron,55.845,Graphite Carbon Nitride (g-C3N4) and montmorillonite,Heterostructure,0.93%,N,4,250,0.192,Paracetamol,APAP,Pharmaceutical,151.16,40,0.989,107,-0.382,PMS,1,1,1,1,1,0,1.4404,0.006,100%,6,1.065061,0.027,0.044103378,Visible light 420nm,High (>300W),97.70%,15,0.99834,-0.00072,Photo-PMS,10.1016/j.watres.2025.124420
Lanthanum,138.91,Carbon Nitride,Carbon Nitride,9.00%,N,4.1,500,1.286,Acetaminophen,ACE,Pharmaceutical,151.16,5,-0.636,310,0.502,PMS,1,1,1,1,1,0,0.136,0.662,93.20%,20,0.004758,-2.323,0.001541413,10W LED,Low (<50W),,,,,Photo-PMS,10.1016/j.xcrp.2024.102170
Iron,55.845,N-doped porous carbon,Carbon,2.32%,Mixed,,100,-0.465,Bisphenol A,BPA,Phenolic,228.29,20,0.06,200,0.023,PMS,1,0,0,1,1,0,,NIL,100%,60,0.035147,-1.454,0.001460131,No Light,No Light,64%,4,0.86177,-0.06461,PMS,10.1039/D2EN01156E 
Iron,55.845,Carbon Nitride,Carbon Nitride,0.46%,Mixed,3,20,-0.815,Bisphenol A,BPA,Phenolic,228.29,20,0.06,113,-0.355,PMS,1,0,0,0,1,0,2.52,0.002,100%,2,26.589464,1.425,0.043803934,No Light,No Light,,,,,PMS,10.1016/j.apcatb.2022.121536
Iron,55.845,Carbon Nitride,Carbon Nitride,0.46%,Mixed,3,20,-0.815,Atrazine,ATZ,Pesticide,215.68,20,0.06,113,-0.355,PMS,1,0,0,0,1,0,0.0167,0.275,100%,60,0.938135,-0.028,0.0015455,No Light,No Light,,,,,PMS,10.1016/j.apcatb.2022.121536
Iron,55.845,N-doped porous carbon,Carbon,0.49%,N,3,50,-0.684,Methylparaben,MeP,Pharmaceutical,152.15,12,-0.311,300,0.458,PMS,1,0,0,0,0,0,0.182,0.027,99.70%,60,0.298725,-0.525,0.001310549,No Light,No Light,33.80%,3,0.58138,-0.23554,PMS,10.1016/j.cej.2025.160462
Copper,63.546,Covalent Organic Frameworks (COFs),MOF/COF,5.80%,Mixed,,200,-0.027,Carbamazepine,CBZ,Pharmaceutical,236.27,10,-0.404,190,-0.02,PMS,0,1,1,1,0,1,0.322,0.18,98%,40,0.005681,-2.246,0.001036949,300W Xe lamp,High (>300W),92%,5,0.97937,-0.00905,Photo-PMS,10.1039/D4TA04418E
Iron,55.845,Carbon Nitride,Carbon Nitride,6.10%,N,4,200,-0.027,Bisphenol A,BPA,Phenolic,228.29,22.8,0.19,152,-0.186,PMS,1,0,0,0,0,0,2.7,0.023,100%,2,0.228582,-0.641,0.049936484,No Light,No Light,,,,,PMS,10.1016/j.apcatb.2023.122706
Iron,55.845,Carbon Nitride,Carbon Nitride,6.10%,N,4,200,-0.027,Bisphenol A,BPA,Phenolic,228.29,22.8,0.19,152,-0.186,PMS,1,0,0,0,0,0,,NIL,100%,1,0.457164,-0.34,0.099872969,No Light,No Light,,,,,PMS,10.1016/j.apcatb.2023.122706
Iron,55.845,Carbon Nitride,Carbon Nitride,6.10%,N,4,200,-0.027,Bisphenol A,BPA,Phenolic,228.29,22.8,0.19,152,-0.186,PMS,1,0,0,0,0,0,,NIL,80%,3,0.121911,-0.914,0.026632792,No Light,No Light,,,,,PMS,10.1016/j.apcatb.2023.122706
Iron,55.845,Carbon Nitride,Carbon Nitride,6.10%,N,4,200,-0.027,Bisphenol A,BPA,Phenolic,228.29,22.8,0.19,152,-0.186,PMS,1,0,0,0,0,0,,NIL,84%,3,0.128006,-0.893,0.027964431,No Light,No Light,,,,,PMS,10.1016/j.apcatb.2023.122706
Iron,55.845,Carbon Nitride,Carbon Nitride,6.10%,N,4,200,-0.027,Bisphenol A,BPA,Phenolic,228.29,22.8,0.19,152,-0.186,PMS,1,0,0,0,0,0,,NIL,100%,1,0.457164,-0.34,0.099872969,No Light,No Light,,,,,PMS,10.1016/j.apcatb.2023.122706
Manganese,54.938,N-doped carbon black,Carbon,3.50%,N,4,100,-0.465,Carbamazepine,CBZ,Pharmaceutical,236.27,10,-0.404,500,1.328,PMS,1,1,1,1,1,0,0.083,0.422,91.70%,30,0.020307,-1.692,0.001293718,No Light,No Light,100%,3,1,0,PMS,10.1016/j.apcatb.2025.125337
Ruthenium,101.07,N-doped porous carbon,Carbon,0.35%,N,4,100,-0.465,Orange II,O-II,Dye,350.32,50,1.454,1000,3.504,PMS,1,1,1,0,1,0,0.96,0.004,100%,6,6.86923,0.837,0.023787775,No Light,No Light,100%,6,1,0,PMS,10.1016/j.apcatb.2022.121952
Ruthenium,101.07,N-doped porous carbon,Carbon,0.35%,N,4,100,-0.465,Methylene Blue,MB,Dye,319.85,50,1.454,1000,3.504,PMS,1,1,1,0,1,0,,NIL,100%,4,11.285424,1.053,0.039080819,No Light,No Light,100%,7,1,0,PMS,10.1016/j.apcatb.2022.121952
Ruthenium,101.07,N-doped porous carbon,Carbon,0.35%,N,4,100,-0.465,Rhodamine B,RhB,Dye,479.02,50,1.454,1000,3.504,PMS,1,1,1,0,1,0,,NIL,100%,8,3.767737,0.576,0.013047472,No Light,No Light,100%,8,1,0,PMS,10.1016/j.apcatb.2022.121952
Ruthenium,101.07,N-doped porous carbon,Carbon,0.35%,N,4,100,-0.465,Bisphenol A,BPA,Phenolic,228.29,50,1.454,1000,3.504,PMS,1,1,1,0,1,0,,NIL,100%,10,6.324662,0.801,0.021901967,No Light,No Light,100%,9,1,0,PMS,10.1016/j.apcatb.2022.121952
Ruthenium,101.07,N-doped porous carbon,Carbon,0.35%,N,4,100,-0.465,Phenol,PE,Phenolic,94.11,50,1.454,1000,3.504,PMS,1,1,1,0,1,0,,NIL,100%,10,15.342229,1.186,0.053129317,No Light,No Light,100%,10,1,0,PMS,10.1016/j.apcatb.2022.121952
Copper,63.546,N/S-doped carbon,Carbon,5.67%,Mixed,4,200,-0.027,Oxytetracycline,OTC,Antibiotic,460.43,10,-0.404,9.5,-0.806,PMS,1,0,1,1,1,0,0.066,0.859,95.50%,45,0.002583,-2.588,0.000460922,No Light,No Light,65%,3,0.80623,-0.09354,PMS,10.1016/j.cej.2025.159513
Iron,55.845,N-doped porous carbon,Carbon,0.65%,N,4.3,166,-0.176,4-Chlorophenol,4-CP,Phenolic,128.56,100,3.776,333,0.602,PMS,1,0,0,1,1,0,3.9,0.002,100%,10,4.025844,0.605,0.077784692,No Light,No Light,100%,4,1,0,PMS,10.1021/acsestengg.5c00007
Copper,63.546,N-doped carbon silicon nanospheres (NCSNs),Carbon,1.47%,N,3.6,500,1.286,Phenazopyridine hydrochloride,PhH,Pharmaceutical,249.7,20,0.06,300,0.458,PMS,0,0,0,1,1,1,,NIL,96.86%,12,0.055895,-1.253,0.006465091,300W Xe lamp,High (>300W),48%,5,0.83236,-0.07969,Photo-PMS,10.1007/s10854-024-12094-6
Copper,63.546,Carbon Nitride,Carbon Nitride,0.50%,N,,600,1.724,Tetracycline,TC,Antibiotic,444.43,20,0.06,614,1.824,PMS,1,1,1,1,1,0,0.843,0.006,87.50%,10,0.083174,-1.08,0.003937628,No Light,No Light,80%,5,0.94574,-0.02423,PMS,10.1039/D5NJ03049H 
Iron,55.845,Carbon Nitride,Carbon Nitride,1.38%,N,4.3,50,-0.684,Sulfamethoxazole,SMX,Antibiotic,253.28,10,-0.404,56,-0.603,PMS,0,1,1,0,0,0,0.602,0.023,100%,10,0.319547,-0.495,0.0039482,300W Xe lamp,High (>300W),92%,5,0.97937,-0.00905,Photo-PMS,10.1016/j.cej.2021.132937
Manganese,54.938,N-doped porous carbon,Carbon,7.60%,N,4,200,-0.027,Enrofloxacin,ENR,Antibiotic,359.39,10,-0.404,152,-0.186,PMS,1,1,1,1,1,0,0.311,0.244,99%,10,0.009956,-2.002,0.002754668,No Light,No Light,80%,3,0.89443,-0.04846,PMS,10.1016/j.jhazmat.2022.129871
Cobalt,58.933,N-doped graphene (NG),Carbon,13.50%,N,4,100,-0.465,Bisphenol A,BPA,Phenolic,228.29,20,0.06,200,0.023,PMS,0,0,1,0,1,0,1.252,0.108,100%,4,0.095611,-1.019,0.021901967,No Light,No Light,69%,3,0.83066,-0.08058,PMS,10.1021/jacs.8b05992
Iron,55.845,Carbon Nitride,Carbon Nitride,0.40%,Mixed,3,400,0.848,Phenol,PE,Phenolic,94.11,20,0.06,310,0.502,PMS,1,0,1,0,1,0,0.307,0.013,100%,10,0.741752,-0.13,0.021251727,No Light,No Light,70%,5,0.91469,-0.03873,PMS,10.1016/j.jes.2025.03.039
Manganese,54.938,N-doped porous carbon,Carbon,0.27%,N,4,200,-0.027,Bisphenol A,BPA,Phenolic,228.29,20,0.06,200,0.023,PMS,0,1,1,0,0,0,1.138,0.002,100%,4,2.228241,0.348,0.021901967,No Light,No Light,85%,5,0.96018,-0.01765,PMS,10.1016/j.apcatb.2020.119363
Manganese,54.938,N-doped porous carbon,Carbon,0.27%,N,4,200,-0.027,Methyl Orange,MO,Dye,327.33,20,0.06,200,0.023,PMS,0,1,1,0,0,0,1.138,0.002,100%,2,3.108088,0.492,0.030550209,No Light,No Light,85%,5,0.96018,-0.01765,PMS,10.1016/j.apcatb.2020.119363
Manganese,54.938,N-doped porous carbon,Carbon,0.27%,N,4,200,-0.027,Phenol,PE,Phenolic,94.11,20,0.06,200,0.023,PMS,0,1,1,0,0,0,1.138,0.002,100%,2,10.810439,1.034,0.106258634,No Light,No Light,85%,5,0.96018,-0.01765,PMS,10.1016/j.apcatb.2020.119363
Manganese,54.938,N-doped porous carbon,Carbon,0.27%,N,4,200,-0.027,Ofloxacin,OFX,Antibiotic,361.37,20,0.06,200,0.023,PMS,0,1,1,0,0,0,1.138,0.002,100%,4,1.407657,0.148,0.013836234,No Light,No Light,85%,5,0.96018,-0.01765,PMS,10.1016/j.apcatb.2020.119363
Manganese,54.938,N-doped porous carbon,Carbon,0.27%,N,4,200,-0.027,Ciprofloxacin,CIP,Antibiotic,331.34,20,0.06,200,0.023,PMS,0,1,1,0,0,0,1.138,0.002,97.80%,6,1.000974,0,0.009838836,No Light,No Light,85%,5,0.96018,-0.01765,PMS,10.1016/j.apcatb.2020.119363
Silver,107.87,Porous Tubular Graphite Carbon Nitride (g-C3N4),Carbon Nitride,2.82%,N,2,300,0.411,Atrazine,ATZ,Pesticide,215.68,2,-0.776,50,-0.63,PMS,1,1,1,1,1,1,0.0576,0.49,92.60%,45,0.002433,-2.614,0.000190818,300W Xe lamp,High (>300W),100%,5,1,0,Photo-PMS,10.1016/j.jclepro.2025.144934
Silver,107.87,Porous Tubular Graphite Carbon Nitride (g-C3N4),Carbon Nitride,2.82%,N,2,300,0.411,Carbamazepine,CBZ,Pharmaceutical,236.27,2,-0.776,50,-0.63,PMS,1,1,1,1,1,1,0.0576,0.49,92.90%,45,0.002228,-2.652,0.000174753,300W Xe lamp,High (>300W),100%,5,1,0,Photo-PMS,10.1016/j.jclepro.2025.144934
Silver,107.87,Porous Tubular Graphite Carbon Nitride (g-C3N4),Carbon Nitride,2.82%,N,2,300,0.411,Microcystin,MC,Natural Pollutant,995.17,2,-0.776,50,-0.63,PMS,1,1,1,1,1,1,0.0576,0.49,95%,30,0.000811,-3.091,6.36E-05,300W Xe lamp,High (>300W),100%,5,1,0,Photo-PMS,10.1016/j.jclepro.2025.144934
Silver,107.87,Porous Tubular Graphite Carbon Nitride (g-C3N4),Carbon Nitride,2.82%,N,2,300,0.411,Sulfamethoxazole,SMX,Antibiotic,253.28,2,-0.776,50,-0.63,PMS,1,1,1,1,1,1,0.0576,0.49,100%,30,0.003356,-2.474,0.000263213,300W Xe lamp,High (>300W),100%,5,1,0,Photo-PMS,10.1016/j.jclepro.2025.144934
Silver,107.87,Porous Tubular Graphite Carbon Nitride (g-C3N4),Carbon Nitride,2.82%,N,2,300,0.411,Thiacloprid,THIA,Pesticide,252.72,2,-0.776,50,-0.63,PMS,1,1,1,1,1,1,0.0576,0.49,94.20%,45,0.002112,-2.675,0.000165664,300W Xe lamp,High (>300W),100%,5,1,0,Photo-PMS,10.1016/j.jclepro.2025.144934
Cobalt,58.933,N-doped biochar,Carbon,0.11%,N,3,100,-0.465,Paracetamol,APAP,Pharmaceutical,151.16,10,-0.404,76,-0.516,PMS,1,1,1,0,1,0,0.46,0.002,100%,11,3.22208,0.508,0.006014097,No Light,No Light,50%,5,0.8409,-0.07526,PMS,10.1016/j.apcatb.2025.125038
Cobalt,58.933,Carbon Nanotube (CNT),Carbon,1.39%,N,5,30,-0.772,Sulfamethoxazole,SMX,Antibiotic,253.28,10,-0.404,47,-0.643,PMS,1,1,1,1,1,0,0.094,0.148,96.30%,30,0.179113,-0.747,0.001267372,No Light,No Light,69.10%,5,0.91174,-0.04013,PMS,10.1016/j.seppur.2022.122398
Copper,63.546,N-doped biochar-derived graphitic activated carbon (N-BGAC),Carbon,1.90%,N,4,100,-0.465,Tetracycline,TC,Antibiotic,444.43,20,0.06,250,0.241,PDS,0,0,0,1,1,0,0.0252,0.754,87%,60,0.021824,-1.661,0.000652521,No Light,No Light,71.80%,4,0.89545,-0.04796,PDS,10.1016/j.seppur.2023.125823
Iron,55.845,O-doped Graphite Carbon Nitride (g-C3N4),Carbon Nitride,0.60%,N,4,1040,3.651,Bisphenol A,BPA,Phenolic,228.29,20,0.06,134,-0.264,PMS,1,1,1,1,1,0,0.204,0.029,100%,30,0.026135,-1.583,0.002920262,No Light,No Light,91%,5,0.9767,-0.01024,PMS,10.1016/j.jece.2026.121815
Platinum,195.08,Nanoporous Titanium Oxide (TiO2),Metal Oxides,0.50%,O,,1500,5.665,Dimethyl methylphosphonate,DMMP,Industrial Pollutant,124.08,80,2.847,0,-0.847,No Oxidant,0,0,1,1,0,0,0.01526,0.328,95%,120,0.132765,-0.877,0.005104234,800 W Xe lamp,High (>300W),,,,,Photocatalysis,10.1021/acssuschemeng.5c01403
Ruthenium,101.07,Ultrathin Flake Carbon Nitride (FCN),Carbon Nitride,0.34%,N,4,50,-0.684,Methyl Orange,MO,Dye,327.33,20,0.06,,,PMS,1,1,1,1,1,1,0.2236,0.015,100%,5,7.265199,0.861,0.012220084,300W Xe lamp,High (>300W),99%,4,0.99666,-0.00145,Photo-PMS,10.1016/j.cej.2024.156572
Ruthenium,101.07,Ultrathin Flake Carbon Nitride (FCN),Carbon Nitride,0.34%,N,4,50,-0.684,Methyl Orange,MO,Dye,327.33,20,0.06,,,PMS,1,1,1,1,1,1,0.2236,0.015,25%,15,0.605433,-0.218,0.00101834,300W Xe lamp,High (>300W),99%,4,0.99666,-0.00145,Photo-PMS,10.1016/j.cej.2024.156572
Ruthenium,101.07,Ultrathin Flake Carbon Nitride (FCN),Carbon Nitride,0.34%,N,4,50,-0.684,Methyl Orange,MO,Dye,327.33,20,0.06,,,PMS,1,1,1,1,1,1,0.2236,0.015,42%,15,1.017128,0.007,0.001710812,300W Xe lamp,High (>300W),99%,4,0.99666,-0.00145,Photo-PMS,10.1016/j.cej.2024.156572
Ruthenium,101.07,Ultrathin Flake Carbon Nitride (FCN),Carbon Nitride,0.34%,N,4,50,-0.684,Methyl Orange,MO,Dye,327.33,20,0.06,,,PMS,1,1,1,1,1,1,0.2236,0.015,54%,15,1.307736,0.117,0.002199615,300W Xe lamp,High (>300W),99%,4,0.99666,-0.00145,Photo-PMS,10.1016/j.cej.2024.156572
Cobalt,58.933,TpPa-1 COF,MOF/COF,1.00%,N,,300,0.411,Tetracycline,TC,Antibiotic,444.43,10,-0.404,200,0.023,PMS,1,1,0,1,1,0,0.0365,0.274,77.20%,40,0.008531,-2.069,0.000434264,300W Xe lamp,High (>300W),92%,4,0.97259,-0.01207,Photo-PMS,10.1016/j.seppur.2023.125890
Nickel,58.693,N-doped porous carbon,Carbon,2.73%,N,,250,0.192,m-Cresol,m-Cresol,Phenolic,108.14,50,1.454,260,0.284,PMS,1,1,1,1,1,0,0.627,0.044,100%,8,0.497024,-0.304,0.05779545,No Light,No Light,,,,,PMS,10.1021/acsami.2c09111
Iron,55.845,N-doped porous carbon,Carbon,1.00%,N,4,50,-0.684,Sulfamethoxazole,SMX,Antibiotic,253.28,10,-0.404,308,0.493,PMS,1,0,0,1,1,0,0.96,0.01,95%,3,1.396419,0.145,0.012502632,No Light,No Light,50%,5,0.8409,-0.07526,PMS,10.1002/smll.202514930
Molybdenum,95.95,Cobalt hydroxide Nanosheet,Layered Hydroxide,1.46%,O,,100,-0.465,Tetracycline,TC,Antibiotic,444.43,20,0.06,300,0.458,PMS,1,1,1,0,1,0,0.9588,0.015,100%,5,0.591492,-0.228,0.009000293,No Light,No Light,80%,7,0.96349,-0.01615,PMS,10.1016/j.cej.2025.170045
Cobalt,58.933,Graphene Oxide (GO),Carbon,2.43%,N,3.6,100,-0.465,Sulfamethoxazole,SMX,Antibiotic,253.28,10,-0.404,152,-0.186,PMS,1,1,1,0,1,0,0.17,0.143,100%,30,0.031918,-1.496,0.001316067,No Light,No Light,,,,,PMS,10.1016/j.apcatb.2025.125898
Cobalt,58.933,Graphene Oxide (GO),Carbon,2.43%,N,3.6,100,-0.465,Sulfamethoxazole,SMX,Antibiotic,253.28,10,-0.404,152,-0.186,PMS,1,1,1,0,1,0,0.17,0.143,100%,60,0.015959,-1.797,0.000658033,No Light,No Light,,,,,PMS,10.1016/j.apcatb.2025.125898
Cobalt,58.933,Graphene Oxide (GO),Carbon,2.43%,N,3.6,100,-0.465,Sulfamethoxazole,SMX,Antibiotic,253.28,10,-0.404,152,-0.186,PMS,1,1,1,0,1,0,0.17,0.143,60%,90,0.006384,-2.195,0.000263213,No Light,No Light,,,,,PMS,10.1016/j.apcatb.2025.125898
Cobalt,58.933,Graphene Oxide (GO),Carbon,2.43%,N,3.6,100,-0.465,Sulfamethoxazole,SMX,Antibiotic,253.28,10,-0.404,152,-0.186,PMS,1,1,1,0,1,0,0.17,0.143,100%,3,0.319176,-0.496,0.013160665,No Light,No Light,,,,,PMS,10.1016/j.apcatb.2025.125898
Cobalt,58.933,Graphene Oxide (GO),Carbon,2.43%,N,3.6,100,-0.465,Sulfamethoxazole,SMX,Antibiotic,253.28,10,-0.404,152,-0.186,PMS,1,1,1,0,1,0,0.17,0.143,98%,90,0.010426,-1.982,0.000429915,No Light,No Light,,,,,PMS,10.1016/j.apcatb.2025.125898
Cobalt,58.933,Graphene Oxide (GO),Carbon,2.43%,N,3.6,100,-0.465,Sulfamethoxazole,SMX,Antibiotic,253.28,10,-0.404,152,-0.186,PMS,1,1,1,0,1,0,0.17,0.143,100%,10,0.095753,-1.019,0.0039482,No Light,No Light,,,,,PMS,10.1016/j.apcatb.2025.125898
Cobalt,58.933,Graphene Oxide (GO),Carbon,2.43%,N,3.6,100,-0.465,Sulfamethoxazole,SMX,Antibiotic,253.28,10,-0.404,152,-0.186,PMS,1,1,1,0,1,0,0.17,0.143,100%,60,0.015959,-1.797,0.000658033,No Light,No Light,,,,,PMS,10.1016/j.apcatb.2025.125898
Cobalt,58.933,Silica (SiO2),Silica / Zeolite Supports,2.06%,Mixed,4.7,100,-0.465,Sulfamethoxazole,SMX,Antibiotic,253.28,10,-0.404,152,-0.186,PMS,1,1,1,0,1,0,0.2,0.103,100%,30,0.03765,-1.424,0.001316067,No Light,No Light,,,,,PMS,10.1016/j.apcatb.2025.125898
Cobalt,58.933,Silica (SiO2),Silica / Zeolite Supports,2.06%,Mixed,4.7,100,-0.465,Nitrosyl Fluoride,NOF,Industrial Pollutant,49,10,-0.404,152,-0.186,PMS,1,1,1,0,1,0,0.2,0.103,100%,60,0.097307,-1.012,0.003401361,No Light,No Light,,,,,PMS,10.1016/j.apcatb.2025.125898
Cobalt,58.933,Silica (SiO2),Silica / Zeolite Supports,2.06%,Mixed,4.7,100,-0.465,Nitrobenzene,NB,Industrial Pollutant,123.11,10,-0.404,152,-0.186,PMS,1,1,1,0,1,0,0.2,0.103,60%,90,0.015492,-1.81,0.000541521,No Light,No Light,,,,,PMS,10.1016/j.apcatb.2025.125898
Cobalt,58.933,Silica (SiO2),Silica / Zeolite Supports,2.06%,Mixed,4.7,100,-0.465,Bisphenol A,BPA,Phenolic,228.29,10,-0.404,152,-0.186,PMS,1,1,1,0,1,0,0.2,0.103,100%,3,0.417718,-0.379,0.014601311,No Light,No Light,,,,,PMS,10.1016/j.apcatb.2025.125898
Cobalt,58.933,Silica (SiO2),Silica / Zeolite Supports,2.06%,Mixed,4.7,100,-0.465,Atrazine,ATZ,Pesticide,215.68,10,-0.404,152,-0.186,PMS,1,1,1,0,1,0,0.2,0.103,90%,90,0.013264,-1.877,0.00046365,No Light,No Light,,,,,PMS,10.1016/j.apcatb.2025.125898
Cobalt,58.933,Silica (SiO2),Silica / Zeolite Supports,2.06%,Mixed,4.7,100,-0.465,Phenol,PE,Phenolic,94.11,10,-0.404,152,-0.186,PMS,1,1,1,0,1,0,0.2,0.103,100%,10,0.303987,-0.517,0.010625863,No Light,No Light,,,,,PMS,10.1016/j.apcatb.2025.125898
Cobalt,58.933,Silica (SiO2),Silica / Zeolite Supports,2.06%,Mixed,4.7,100,-0.465,Rhodamine B,RhB,Dye,479.02,10,-0.404,152,-0.186,PMS,1,1,1,0,1,0,0.2,0.103,100%,60,0.009954,-2.002,0.000347933,No Light,No Light,,,,,PMS,10.1016/j.apcatb.2025.125898
Copper,63.546,Carbon Nitride,Carbon Nitride,,N,4,60,-0.64,Bisphenol A,BPA,Phenolic,228.29,23,0.2,190,-0.02,PMS,1,0,0,0,0,0,,NIL,100%,10,NIL,NIL,0.010074905,No Light,No Light,,,,,PMS,10.1016/j.jece.2025.117963
Copper,63.546,N-doped porous carbon,Carbon,0.62%,Mixed,4,50,-0.684,Bisphenol A,BPA,Phenolic,228.29,10,-0.404,200,0.023,PMS,0,1,1,0,1,0,1.51,0.004,100%,4.5,1.995387,0.3,0.009734208,No Light,No Light,99%,5,0.99749,-0.00109,PMS,10.1002/smll.202406319
Cobalt,58.933,N-doped nanoplate carbon,Carbon,0.10%,N,4,200,-0.027,Paracetamol,APAP,Pharmaceutical,151.16,20,0.06,500,1.328,PMS,1,0,1,0,1,0,0.51,0.002,92%,10,3.586819,0.555,0.012172532,No Light,No Light,86%,5,0.963,-0.01638,PMS,10.1016/j.cej.2021.132027
Cobalt,58.933,N-doped porous carbon,Carbon,1.65%,Mixed,4,50,-0.684,Sulfadiazine,SDZ,Antibiotic,250.28,10,-0.404,308,0.493,PMS,1,1,1,1,1,0,1.07,0.015,98%,5,0.559416,-0.252,0.007831229,No Light,No Light,80%,5,0.94574,-0.02423,PMS,10.1016/j.apcatb.2023.121408
Iron,55.845,Polytetrafluoroethylene (PTFE),Polymer,1.52%,N,4,50,-0.684,Nitenpyram,NPR,Pesticide,270.72,1,-0.822,80,-0.499,PMS,1,0,0,1,1,0,0.07,0.217,90%,600,0.000407,-3.39,5.54E-06,No Light,No Light,,,,,PMS,10.1016/j.apcatb.2024.124243
Cobalt,58.933,Carbon Nanotube (CNT),Carbon,0.70%,N,,200,-0.027,Bisphenol A,BPA,Phenolic,228.29,20,0.06,400,0.893,PMS,1,0,0,0,1,0,0.157,0.045,81.60%,12,0.250774,-0.601,0.005957335,No Light,No Light,100%,5,1,0,PMS,10.1002/smll.202005060
Cobalt,58.933,3D N-doped carbon aerogel,Carbon,22.03%,N,4,500,1.286,p-Nitrophenol,PNP,Phenolic,139.11,40,0.989,1000,3.504,PMS,1,1,1,0,1,0,0.895,0.246,99%,3,0.050768,-1.294,0.094888937,No Light,No Light,91%,3,0.95394,-0.02048,PMS,10.1016/j.seppur.2023.125273
Iron,55.845,"B, N-doped Graphite Carbon Nitride (g-C3N4)",Carbon Nitride,3.69%,Mixed,4,100,-0.465,Phenol,PE,Phenolic,94.11,20,0.06,200,0.023,PMS,1,1,1,1,1,0,0.949,0.039,100%,20,0.160813,-0.794,0.010625863,No Light,No Light,66%,3,0.8124,-0.09023,PMS,10.1016/j.jcat.2024.115920
Iron,55.845,N-doped porous carbon,Carbon,0.93%,N,,150,-0.246,Bisphenol A,BPA,Phenolic,228.29,20,0.06,400,0.893,PMS,1,0,0,0,0,0,0.24,0.039,100%,30,0.116905,-0.932,0.002920262,No Light,No Light,80%,3,0.89443,-0.04846,PMS,10.1016/j.cej.2020.124382
Cobalt,58.933,Zeolite-13X and Mg silicate,Silica / Zeolite Supports,1.08%,O,,500,1.286,Tetracycline,TC,Antibiotic,444.43,20,0.06,500,1.328,PMS,1,1,1,1,1,0,0.359,0.03,99.50%,30,0.016289,-1.788,0.001492549,No Light,No Light,95.50%,8,0.99344,-0.00286,PMS,10.1016/j.cej.2025.161336
Copper,63.546,N-doped porous carbon,Carbon,,N,,200,-0.027,Sulfamethoxazole,SMX,Antibiotic,253.28,18,-0.032,200,0.023,PMS,1,1,1,0,1,0,0.155,NIL,100%,25,NIL,NIL,0.002842704,No Light,No Light,82.90%,4,0.9394,-0.02715,,10.1016/j.jece.2022.107758
Copper,63.546,N-doped porous carbon,Carbon,,N,,200,-0.027,Tetracycline,TC,Antibiotic,444.43,18,-0.032,200,0.023,PMS,1,1,1,0,1,0,,NIL,100%,25,NIL,NIL,0.001620053,No Light,No Light,82.90%,5,0.9542,-0.02036,,10.1016/j.jece.2022.107758
Copper,63.546,N-doped porous carbon,Carbon,,N,,200,-0.027,Bisphenol A,BPA,Phenolic,228.29,60,1.918,200,0.023,PMS,1,1,1,0,1,0,,NIL,100%,20,NIL,NIL,0.01314118,No Light,No Light,82.90%,6,0.96319,-0.01629,,10.1016/j.jece.2022.107758
Copper,63.546,N-doped porous carbon,Carbon,,N,,200,-0.027,Phenol,PE,Phenolic,94.11,40,0.989,200,0.023,PMS,1,1,1,0,1,0,,NIL,100%,10,NIL,NIL,0.042503453,No Light,No Light,82.90%,7,0.96923,-0.01357,,10.1016/j.jece.2022.107758
Copper,63.546,N-doped porous carbon,Carbon,,N,,200,-0.027,Methyl Orange,MO,Dye,327.33,10,-0.404,200,0.023,PMS,1,1,1,0,1,0,,NIL,100%,5,NIL,NIL,0.006110042,No Light,No Light,82.90%,8,0.97356,-0.01164,,10.1016/j.jece.2022.107758
Iron,55.845,Z-scheme heterojunction WO3/BiOBr,Heterostructure,5.00%,O,,800,2.6,Ciprofloxacin,CIP,Antibiotic,331.34,10,-0.404,0,-0.847,No Oxidant,0,0,1,1,1,1,0.0344,1.453,100%,30,0.001405,-2.852,0.001006016,500W Xe lamp,High (>300W),88.80%,5,0.97074,-0.0129,Photocatalysis,10.1016/j.jece.2022.108693
